{"pr_auc_val":0.1267010182,"roc_auc_val":0.6558689641,"f1_at_0.5":0.0,"f1_at_opt_threshold":0.1897128944,"optimal_threshold":0.095450091,"best_iteration":150.0}