{"best_params":{"balance_method":"none","use_focal":false,"learning_rate":0.0456053146,"num_leaves":31,"max_depth":11,"min_child_samples":130,"subsample":0.697592855,"colsample_bytree":0.5225097918,"reg_alpha":0.0000003359,"reg_lambda":0.0020972217},"best_value":0.1226619732,"pr_auc_val":0.1267010182,"roc_auc_val":0.6558689641,"f1_default":0.0,"f1_optimal":0.1897128944,"optimal_threshold":0.095450091}