{
  "AP": 0.1216813284753789,
  "ROC_AUC": 0.6535314213966722,
  "F1_0.5": 0.0015661707126076742,
  "F1_best": 0.18673689250615935,
  "best_threshold": 0.0334702574970991,
  "best_iteration": 266,
  "train_rows": 187821,
  "val_rows": 20870,
  "gamma": 2.0,
  "alpha": 0.25,
  "supports_fobj": false
}