{
  "mean_AP_cv": 0.12155616954274706,
  "std_AP_cv": 0.0048152561226313395,
  "mean_ROC_cv": 0.6539949860147625,
  "std_ROC_cv": 0.008270048103908512,
  "best_iters": [
    162,
    189,
    238,
    310,
    300
  ],
  "supports_fobj": false
}